Source,Timestamp,Latitude,Longitude,Altitude,Speed,rssi,Data
009.log,N/A,N/A,N/A,N/A,N/A,-59,railtime=4113076591,mod=rail,event=rx,nodeid=67,rfpath=1,ch=5212,rssi=-59,lqi=255,mpdu_len=99,crcpass=1,hdrlen=11,ielen=0,msdulen=88,type=1,seq=238,id=97,dest_pan=0,dest_addr=ffff,src_pan=0,src_addr=97,pl=
009.log,N/A,N/A,N/A,N/A,N/A,-59,railtime=4115088449,mod=rail,event=rx,nodeid=67,rfpath=1,ch=5212,rssi=-59,lqi=255,mpdu_len=99,crcpass=1,hdrlen=11,ielen=0,msdulen=88,type=1,seq=239,id=97,dest_pan=0,dest_addr=ffff,src_pan=0,src_addr=97,pl=
009.log,N/A,N/A,N/A,N/A,N/A,-59,railtime=4117088364,mod=rail,event=rx,nodeid=67,rfpath=1,ch=5212,rssi=-59,lqi=255,mpdu_len=99,crcpass=1,hdrlen=11,ielen=0,msdulen=88,type=1,seq=240,id=97,dest_pan=0,dest_addr=ffff,src_pan=0,src_addr=97,pl=
009.log,N/A,N/A,N/A,N/A,N/A,-59,railtime=4119088302,mod=rail,event=rx,nodeid=67,rfpath=1,ch=5212,rssi=-59,lqi=255,mpdu_len=99,crcpass=1,hdrlen=11,ielen=0,msdulen=88,type=1,seq=241,id=97,dest_pan=0,dest_addr=ffff,src_pan=0,src_addr=97,pl=
009.log,N/A,N/A,N/A,N/A,N/A,-59,railtime=4121088014,mod=rail,event=rx,nodeid=67,rfpath=1,ch=5212,rssi=-59,lqi=255,mpdu_len=99,crcpass=1,hdrlen=11,ielen=0,msdulen=88,type=1,seq=242,id=97,dest_pan=0,dest_addr=ffff,src_pan=0,src_addr=97,pl=
009.log,N/A,N/A,N/A,N/A,N/A,-59,railtime=4123105333,mod=rail,event=rx,nodeid=67,rfpath=1,ch=5212,rssi=-59,lqi=255,mpdu_len=100,crcpass=1,hdrlen=11,ielen=0,msdulen=89,type=1,seq=243,id=97,dest_pan=0,dest_addr=ffff,src_pan=0,src_addr=97,pl=
009.log,N/A,N/A,N/A,N/A,N/A,-59,railtime=4125096166,mod=rail,event=rx,nodeid=67,rfpath=1,ch=5212,rssi=-59,lqi=255,mpdu_len=99,crcpass=1,hdrlen=11,ielen=0,msdulen=88,type=1,seq=244,id=97,dest_pan=0,dest_addr=ffff,src_pan=0,src_addr=97,pl=
009.log,N/A,N/A,N/A,N/A,N/A,-59,railtime=4127105138,mod=rail,event=rx,nodeid=67,rfpath=1,ch=5212,rssi=-59,lqi=255,mpdu_len=99,crcpass=1,hdrlen=11,ielen=0,msdulen=88,type=1,seq=245,id=97,dest_pan=0,dest_addr=ffff,src_pan=0,src_addr=97,pl=
009.log,N/A,N/A,N/A,N/A,N/A,-59,railtime=4129093070,mod=rail,event=rx,nodeid=67,rfpath=1,ch=5212,rssi=-59,lqi=255,mpdu_len=99,crcpass=1,hdrlen=11,ielen=0,msdulen=88,type=1,seq=246,id=97,dest_pan=0,dest_addr=ffff,src_pan=0,src_addr=97,pl=
009.log,N/A,N/A,N/A,N/A,N/A,-59,railtime=4131102010,mod=rail,event=rx,nodeid=67,rfpath=1,ch=5212,rssi=-59,lqi=255,mpdu_len=99,crcpass=1,hdrlen=11,ielen=0,msdulen=88,type=1,seq=247,id=97,dest_pan=0,dest_addr=ffff,src_pan=0,src_addr=97,pl=
009.log,N/A,N/A,N/A,N/A,N/A,-59,railtime=4133119970,mod=rail,event=rx,nodeid=67,rfpath=1,ch=5212,rssi=-59,lqi=255,mpdu_len=99,crcpass=1,hdrlen=11,ielen=0,msdulen=88,type=1,seq=248,id=97,dest_pan=0,dest_addr=ffff,src_pan=0,src_addr=97,pl=
009.log,N/A,N/A,N/A,N/A,N/A,-59,railtime=4135101867,mod=rail,event=rx,nodeid=67,rfpath=1,ch=5212,rssi=-59,lqi=255,mpdu_len=99,crcpass=1,hdrlen=11,ielen=0,msdulen=88,type=1,seq=249,id=97,dest_pan=0,dest_addr=ffff,src_pan=0,src_addr=97,pl=
009.log,N/A,N/A,N/A,N/A,N/A,-59,railtime=4137122800,mod=rail,event=rx,nodeid=67,rfpath=1,ch=5212,rssi=-59,lqi=255,mpdu_len=99,crcpass=1,hdrlen=11,ielen=0,msdulen=88,type=1,seq=250,id=97,dest_pan=0,dest_addr=ffff,src_pan=0,src_addr=97,pl=
009.log,N/A,N/A,N/A,N/A,N/A,-59,railtime=4139116718,mod=rail,event=rx,nodeid=67,rfpath=1,ch=5212,rssi=-59,lqi=255,mpdu_len=99,crcpass=1,hdrlen=11,ielen=0,msdulen=88,type=1,seq=251,id=97,dest_pan=0,dest_addr=ffff,src_pan=0,src_addr=97,pl=
009.log,N/A,N/A,N/A,N/A,N/A,-59,railtime=4141110733,mod=rail,event=rx,nodeid=67,rfpath=1,ch=5212,rssi=-59,lqi=255,mpdu_len=99,crcpass=1,hdrlen=11,ielen=0,msdulen=88,type=1,seq=252,id=97,dest_pan=0,dest_addr=ffff,src_pan=0,src_addr=97,pl=
009.log,N/A,N/A,N/A,N/A,N/A,-59,railtime=4143128688,mod=rail,event=rx,nodeid=67,rfpath=1,ch=5212,rssi=-59,lqi=255,mpdu_len=99,crcpass=1,hdrlen=11,ielen=0,msdulen=88,type=1,seq=253,id=97,dest_pan=0,dest_addr=ffff,src_pan=0,src_addr=97,pl=
009.log,N/A,N/A,N/A,N/A,N/A,-59,railtime=4145122611,mod=rail,event=rx,nodeid=67,rfpath=1,ch=5212,rssi=-59,lqi=255,mpdu_len=99,crcpass=1,hdrlen=11,ielen=0,msdulen=88,type=1,seq=254,id=97,dest_pan=0,dest_addr=ffff,src_pan=0,src_addr=97,pl=
009.log,N/A,N/A,N/A,N/A,N/A,-59,railtime=4147140537,mod=rail,event=rx,nodeid=67,rfpath=1,ch=5212,rssi=-59,lqi=255,mpdu_len=99,crcpass=1,hdrlen=11,ielen=0,msdulen=88,type=1,seq=255,id=97,dest_pan=0,dest_addr=ffff,src_pan=0,src_addr=97,pl=
009.log,N/A,N/A,N/A,N/A,N/A,-59,railtime=4149129089,mod=rail,event=rx,nodeid=67,rfpath=1,ch=5212,rssi=-59,lqi=255,mpdu_len=99,crcpass=1,hdrlen=11,ielen=0,msdulen=88,type=1,seq=0,id=97,dest_pan=0,dest_addr=ffff,src_pan=0,src_addr=97,pl=
009.log,N/A,N/A,N/A,N/A,N/A,-59,railtime=4151130494,mod=rail,event=rx,nodeid=67,rfpath=1,ch=5212,rssi=-59,lqi=255,mpdu_len=99,crcpass=1,hdrlen=11,ielen=0,msdulen=88,type=1,seq=1,id=97,dest_pan=0,dest_addr=ffff,src_pan=0,src_addr=97,pl=
009.log,N/A,N/A,N/A,N/A,N/A,-59,railtime=4153130405,mod=rail,event=rx,nodeid=67,rfpath=1,ch=5212,rssi=-59,lqi=255,mpdu_len=99,crcpass=1,hdrlen=11,ielen=0,msdulen=88,type=1,seq=2,id=97,dest_pan=0,dest_addr=ffff,src_pan=0,src_addr=97,pl=
009.log,N/A,N/A,N/A,N/A,N/A,-59,railtime=4155142439,mod=rail,event=rx,nodeid=67,rfpath=1,ch=5212,rssi=-59,lqi=255,mpdu_len=100,crcpass=1,hdrlen=11,ielen=0,msdulen=89,type=1,seq=3,id=97,dest_pan=0,dest_addr=ffff,src_pan=0,src_addr=97,pl=
009.log,N/A,N/A,N/A,N/A,N/A,-59,railtime=4157145288,mod=rail,event=rx,nodeid=67,rfpath=1,ch=5212,rssi=-59,lqi=255,mpdu_len=99,crcpass=1,hdrlen=11,ielen=0,msdulen=88,type=1,seq=4,id=97,dest_pan=0,dest_addr=ffff,src_pan=0,src_addr=97,pl=
009.log,N/A,N/A,N/A,N/A,N/A,-59,railtime=4159142310,mod=rail,event=rx,nodeid=67,rfpath=1,ch=5212,rssi=-59,lqi=255,mpdu_len=100,crcpass=1,hdrlen=11,ielen=0,msdulen=89,type=1,seq=5,id=97,dest_pan=0,dest_addr=ffff,src_pan=0,src_addr=97,pl=
009.log,N/A,N/A,N/A,N/A,N/A,-59,railtime=4161160227,mod=rail,event=rx,nodeid=67,rfpath=1,ch=5212,rssi=-59,lqi=255,mpdu_len=99,crcpass=1,hdrlen=11,ielen=0,msdulen=88,type=1,seq=6,id=97,dest_pan=0,dest_addr=ffff,src_pan=0,src_addr=97,pl=
009.log,N/A,N/A,N/A,N/A,N/A,-58,railtime=4163142147,mod=rail,event=rx,nodeid=67,rfpath=1,ch=5212,rssi=-58,lqi=255,mpdu_len=99,crcpass=1,hdrlen=11,ielen=0,msdulen=88,type=1,seq=7,id=97,dest_pan=0,dest_addr=ffff,src_pan=0,src_addr=97,pl=
009.log,N/A,N/A,N/A,N/A,N/A,-59,railtime=4165154103,mod=rail,event=rx,nodeid=67,rfpath=1,ch=5212,rssi=-59,lqi=255,mpdu_len=99,crcpass=1,hdrlen=11,ielen=0,msdulen=88,type=1,seq=8,id=97,dest_pan=0,dest_addr=ffff,src_pan=0,src_addr=97,pl=
009.log,N/A,N/A,N/A,N/A,N/A,-61,railtime=4167150972,mod=rail,event=rx,nodeid=67,rfpath=1,ch=5212,rssi=-61,lqi=255,mpdu_len=99,crcpass=1,hdrlen=11,ielen=0,msdulen=88,type=1,seq=9,id=97,dest_pan=0,dest_addr=ffff,src_pan=0,src_addr=97,pl=
009.log,N/A,N/A,N/A,N/A,N/A,-60,railtime=4169168863,mod=rail,event=rx,nodeid=67,rfpath=1,ch=5212,rssi=-60,lqi=255,mpdu_len=99,crcpass=1,hdrlen=11,ielen=0,msdulen=88,type=1,seq=10,id=97,dest_pan=0,dest_addr=ffff,src_pan=0,src_addr=97,pl=
009.log,N/A,N/A,N/A,N/A,N/A,-59,railtime=4171173950,mod=rail,event=rx,nodeid=67,rfpath=1,ch=5212,rssi=-59,lqi=255,mpdu_len=99,crcpass=1,hdrlen=11,ielen=0,msdulen=88,type=1,seq=11,id=97,dest_pan=0,dest_addr=ffff,src_pan=0,src_addr=97,pl=
009.log,N/A,N/A,N/A,N/A,N/A,-60,railtime=4173158847,mod=rail,event=rx,nodeid=67,rfpath=1,ch=5212,rssi=-60,lqi=255,mpdu_len=99,crcpass=1,hdrlen=11,ielen=0,msdulen=88,type=1,seq=12,id=97,dest_pan=0,dest_addr=ffff,src_pan=0,src_addr=97,pl=
009.log,N/A,N/A,N/A,N/A,N/A,-59,railtime=4175161728,mod=rail,event=rx,nodeid=67,rfpath=1,ch=5212,rssi=-59,lqi=255,mpdu_len=99,crcpass=1,hdrlen=11,ielen=0,msdulen=88,type=1,seq=13,id=97,dest_pan=0,dest_addr=ffff,src_pan=0,src_addr=97,pl=
009.log,N/A,N/A,N/A,N/A,N/A,-59,railtime=4177174295,mod=rail,event=rx,nodeid=67,rfpath=1,ch=5212,rssi=-59,lqi=255,mpdu_len=99,crcpass=1,hdrlen=11,ielen=0,msdulen=88,type=1,seq=14,id=97,dest_pan=0,dest_addr=ffff,src_pan=0,src_addr=97,pl=
009.log,N/A,N/A,N/A,N/A,N/A,-60,railtime=4179185568,mod=rail,event=rx,nodeid=67,rfpath=1,ch=5212,rssi=-60,lqi=255,mpdu_len=99,crcpass=1,hdrlen=11,ielen=0,msdulen=88,type=1,seq=15,id=97,dest_pan=0,dest_addr=ffff,src_pan=0,src_addr=97,pl=
009.log,N/A,N/A,N/A,N/A,N/A,-59,railtime=4181170499,mod=rail,event=rx,nodeid=67,rfpath=1,ch=5212,rssi=-59,lqi=255,mpdu_len=99,crcpass=1,hdrlen=11,ielen=0,msdulen=88,type=1,seq=16,id=97,dest_pan=0,dest_addr=ffff,src_pan=0,src_addr=97,pl=
009.log,N/A,N/A,N/A,N/A,N/A,-59,railtime=4183176551,mod=rail,event=rx,nodeid=67,rfpath=1,ch=5212,rssi=-59,lqi=255,mpdu_len=99,crcpass=1,hdrlen=11,ielen=0,msdulen=88,type=1,seq=17,id=97,dest_pan=0,dest_addr=ffff,src_pan=0,src_addr=97,pl=
009.log,N/A,N/A,N/A,N/A,N/A,-60,railtime=4185182463,mod=rail,event=rx,nodeid=67,rfpath=1,ch=5212,rssi=-60,lqi=255,mpdu_len=99,crcpass=1,hdrlen=11,ielen=0,msdulen=88,type=1,seq=18,id=97,dest_pan=0,dest_addr=ffff,src_pan=0,src_addr=97,pl=
009.log,N/A,N/A,N/A,N/A,N/A,-60,railtime=4187176382,mod=rail,event=rx,nodeid=67,rfpath=1,ch=5212,rssi=-60,lqi=255,mpdu_len=99,crcpass=1,hdrlen=11,ielen=0,msdulen=88,type=1,seq=19,id=97,dest_pan=0,dest_addr=ffff,src_pan=0,src_addr=97,pl=
009.log,N/A,N/A,N/A,N/A,N/A,-60,railtime=4189179300,mod=rail,event=rx,nodeid=67,rfpath=1,ch=5212,rssi=-60,lqi=255,mpdu_len=99,crcpass=1,hdrlen=11,ielen=0,msdulen=88,type=1,seq=20,id=97,dest_pan=0,dest_addr=ffff,src_pan=0,src_addr=97,pl=
009.log,N/A,N/A,N/A,N/A,N/A,-59,railtime=4191191288,mod=rail,event=rx,nodeid=67,rfpath=1,ch=5212,rssi=-59,lqi=255,mpdu_len=99,crcpass=1,hdrlen=11,ielen=0,msdulen=88,type=1,seq=21,id=97,dest_pan=0,dest_addr=ffff,src_pan=0,src_addr=97,pl=
009.log,N/A,N/A,N/A,N/A,N/A,-60,railtime=4193197209,mod=rail,event=rx,nodeid=67,rfpath=1,ch=5212,rssi=-60,lqi=255,mpdu_len=99,crcpass=1,hdrlen=11,ielen=0,msdulen=88,type=1,seq=22,id=97,dest_pan=0,dest_addr=ffff,src_pan=0,src_addr=97,pl=
009.log,N/A,N/A,N/A,N/A,N/A,-59,railtime=4195206133,mod=rail,event=rx,nodeid=67,rfpath=1,ch=5212,rssi=-59,lqi=255,mpdu_len=99,crcpass=1,hdrlen=11,ielen=0,msdulen=88,type=1,seq=23,id=97,dest_pan=0,dest_addr=ffff,src_pan=0,src_addr=97,pl=
009.log,N/A,N/A,N/A,N/A,N/A,-59,railtime=4197194022,mod=rail,event=rx,nodeid=67,rfpath=1,ch=5212,rssi=-59,lqi=255,mpdu_len=99,crcpass=1,hdrlen=11,ielen=0,msdulen=88,type=1,seq=24,id=97,dest_pan=0,dest_addr=ffff,src_pan=0,src_addr=97,pl=
009.log,N/A,N/A,N/A,N/A,N/A,-59,railtime=4199202959,mod=rail,event=rx,nodeid=67,rfpath=1,ch=5212,rssi=-59,lqi=255,mpdu_len=99,crcpass=1,hdrlen=11,ielen=0,msdulen=88,type=1,seq=25,id=97,dest_pan=0,dest_addr=ffff,src_pan=0,src_addr=97,pl=
009.log,N/A,N/A,N/A,N/A,N/A,-59,railtime=4201202938,mod=rail,event=rx,nodeid=67,rfpath=1,ch=5212,rssi=-59,lqi=255,mpdu_len=99,crcpass=1,hdrlen=11,ielen=0,msdulen=88,type=1,seq=26,id=97,dest_pan=0,dest_addr=ffff,src_pan=0,src_addr=97,pl=
009.log,N/A,N/A,N/A,N/A,N/A,-60,railtime=4203199898,mod=rail,event=rx,nodeid=67,rfpath=1,ch=5212,rssi=-60,lqi=255,mpdu_len=99,crcpass=1,hdrlen=11,ielen=0,msdulen=88,type=1,seq=27,id=97,dest_pan=0,dest_addr=ffff,src_pan=0,src_addr=97,pl=
009.log,N/A,N/A,N/A,N/A,N/A,-59,railtime=4205221462,mod=rail,event=rx,nodeid=67,rfpath=1,ch=5212,rssi=-59,lqi=255,mpdu_len=99,crcpass=1,hdrlen=11,ielen=0,msdulen=88,type=1,seq=28,id=97,dest_pan=0,dest_addr=ffff,src_pan=0,src_addr=97,pl=
009.log,N/A,N/A,N/A,N/A,N/A,-59,railtime=4207217713,mod=rail,event=rx,nodeid=67,rfpath=1,ch=5212,rssi=-59,lqi=255,mpdu_len=99,crcpass=1,hdrlen=11,ielen=0,msdulen=88,type=1,seq=29,id=97,dest_pan=0,dest_addr=ffff,src_pan=0,src_addr=97,pl=
009.log,N/A,N/A,N/A,N/A,N/A,-59,railtime=4209226706,mod=rail,event=rx,nodeid=67,rfpath=1,ch=5212,rssi=-59,lqi=255,mpdu_len=99,crcpass=1,hdrlen=11,ielen=0,msdulen=88,type=1,seq=30,id=97,dest_pan=0,dest_addr=ffff,src_pan=0,src_addr=97,pl=
009.log,N/A,N/A,N/A,N/A,N/A,-59,railtime=4211214656,mod=rail,event=rx,nodeid=67,rfpath=1,ch=5212,rssi=-59,lqi=255,mpdu_len=99,crcpass=1,hdrlen=11,ielen=0,msdulen=88,type=1,seq=31,id=97,dest_pan=0,dest_addr=ffff,src_pan=0,src_addr=97,pl=
009.log,N/A,N/A,N/A,N/A,N/A,-60,railtime=4213226646,mod=rail,event=rx,nodeid=67,rfpath=1,ch=5212,rssi=-60,lqi=255,mpdu_len=99,crcpass=1,hdrlen=11,ielen=0,msdulen=88,type=1,seq=32,id=97,dest_pan=0,dest_addr=ffff,src_pan=0,src_addr=97,pl=
009.log,N/A,N/A,N/A,N/A,N/A,-59,railtime=4215232680,mod=rail,event=rx,nodeid=67,rfpath=1,ch=5212,rssi=-59,lqi=255,mpdu_len=100,crcpass=1,hdrlen=11,ielen=0,msdulen=89,type=1,seq=33,id=97,dest_pan=0,dest_addr=ffff,src_pan=0,src_addr=97,pl=
009.log,N/A,N/A,N/A,N/A,N/A,-59,railtime=4217232482,mod=rail,event=rx,nodeid=67,rfpath=1,ch=5212,rssi=-59,lqi=255,mpdu_len=99,crcpass=1,hdrlen=11,ielen=0,msdulen=88,type=1,seq=34,id=97,dest_pan=0,dest_addr=ffff,src_pan=0,src_addr=97,pl=
009.log,N/A,N/A,N/A,N/A,N/A,-59,railtime=4219235385,mod=rail,event=rx,nodeid=67,rfpath=1,ch=5212,rssi=-59,lqi=255,mpdu_len=99,crcpass=1,hdrlen=11,ielen=0,msdulen=88,type=1,seq=35,id=97,dest_pan=0,dest_addr=ffff,src_pan=0,src_addr=97,pl=
009.log,N/A,N/A,N/A,N/A,N/A,-59,railtime=4221244414,mod=rail,event=rx,nodeid=67,rfpath=1,ch=5212,rssi=-59,lqi=255,mpdu_len=99,crcpass=1,hdrlen=11,ielen=0,msdulen=88,type=1,seq=36,id=97,dest_pan=0,dest_addr=ffff,src_pan=0,src_addr=97,pl=
009.log,N/A,N/A,N/A,N/A,N/A,-59,railtime=4223244331,mod=rail,event=rx,nodeid=67,rfpath=1,ch=5212,rssi=-59,lqi=255,mpdu_len=99,crcpass=1,hdrlen=11,ielen=0,msdulen=88,type=1,seq=37,id=97,dest_pan=0,dest_addr=ffff,src_pan=0,src_addr=97,pl=
009.log,N/A,N/A,N/A,N/A,N/A,-59,railtime=4225238244,mod=rail,event=rx,nodeid=67,rfpath=1,ch=5212,rssi=-59,lqi=255,mpdu_len=99,crcpass=1,hdrlen=11,ielen=0,msdulen=88,type=1,seq=38,id=97,dest_pan=0,dest_addr=ffff,src_pan=0,src_addr=97,pl=
009.log,N/A,N/A,N/A,N/A,N/A,-59,railtime=4227256174,mod=rail,event=rx,nodeid=67,rfpath=1,ch=5212,rssi=-59,lqi=255,mpdu_len=99,crcpass=1,hdrlen=11,ielen=0,msdulen=88,type=1,seq=39,id=97,dest_pan=0,dest_addr=ffff,src_pan=0,src_addr=97,pl=
009.log,N/A,N/A,N/A,N/A,N/A,-59,railtime=4229256093,mod=rail,event=rx,nodeid=67,rfpath=1,ch=5212,rssi=-59,lqi=255,mpdu_len=99,crcpass=1,hdrlen=11,ielen=0,msdulen=88,type=1,seq=40,id=97,dest_pan=0,dest_addr=ffff,src_pan=0,src_addr=97,pl=
009.log,N/A,N/A,N/A,N/A,N/A,-59,railtime=4231253063,mod=rail,event=rx,nodeid=67,rfpath=1,ch=5212,rssi=-59,lqi=255,mpdu_len=99,crcpass=1,hdrlen=11,ielen=0,msdulen=88,type=1,seq=41,id=97,dest_pan=0,dest_addr=ffff,src_pan=0,src_addr=97,pl=
009.log,N/A,N/A,N/A,N/A,N/A,-59,railtime=4233262719,mod=rail,event=rx,nodeid=67,rfpath=1,ch=5212,rssi=-59,lqi=255,mpdu_len=99,crcpass=1,hdrlen=11,ielen=0,msdulen=88,type=1,seq=42,id=97,dest_pan=0,dest_addr=ffff,src_pan=0,src_addr=97,pl=
009.log,N/A,N/A,N/A,N/A,N/A,-59,railtime=4235252989,mod=rail,event=rx,nodeid=67,rfpath=1,ch=5212,rssi=-59,lqi=255,mpdu_len=99,crcpass=1,hdrlen=11,ielen=0,msdulen=88,type=1,seq=43,id=97,dest_pan=0,dest_addr=ffff,src_pan=0,src_addr=97,pl=
009.log,N/A,N/A,N/A,N/A,N/A,-59,railtime=4237264894,mod=rail,event=rx,nodeid=67,rfpath=1,ch=5212,rssi=-59,lqi=255,mpdu_len=99,crcpass=1,hdrlen=11,ielen=0,msdulen=88,type=1,seq=44,id=97,dest_pan=0,dest_addr=ffff,src_pan=0,src_addr=97,pl=
009.log,N/A,N/A,N/A,N/A,N/A,-59,railtime=4239252879,mod=rail,event=rx,nodeid=67,rfpath=1,ch=5212,rssi=-59,lqi=255,mpdu_len=100,crcpass=1,hdrlen=11,ielen=0,msdulen=89,type=1,seq=45,id=97,dest_pan=0,dest_addr=ffff,src_pan=0,src_addr=97,pl=
009.log,N/A,N/A,N/A,N/A,N/A,-59,railtime=4241258838,mod=rail,event=rx,nodeid=67,rfpath=1,ch=5212,rssi=-59,lqi=255,mpdu_len=99,crcpass=1,hdrlen=11,ielen=0,msdulen=88,type=1,seq=46,id=97,dest_pan=0,dest_addr=ffff,src_pan=0,src_addr=97,pl=
009.log,N/A,N/A,N/A,N/A,N/A,-59,railtime=4243276850,mod=rail,event=rx,nodeid=67,rfpath=1,ch=5212,rssi=-59,lqi=255,mpdu_len=100,crcpass=1,hdrlen=11,ielen=0,msdulen=89,type=1,seq=47,id=97,dest_pan=0,dest_addr=ffff,src_pan=0,src_addr=97,pl=
009.log,N/A,N/A,N/A,N/A,N/A,-59,railtime=4245273700,mod=rail,event=rx,nodeid=67,rfpath=1,ch=5212,rssi=-59,lqi=255,mpdu_len=99,crcpass=1,hdrlen=11,ielen=0,msdulen=88,type=1,seq=48,id=97,dest_pan=0,dest_addr=ffff,src_pan=0,src_addr=97,pl=
009.log,N/A,N/A,N/A,N/A,N/A,-59,railtime=4247276653,mod=rail,event=rx,nodeid=67,rfpath=1,ch=5212,rssi=-59,lqi=255,mpdu_len=99,crcpass=1,hdrlen=11,ielen=0,msdulen=88,type=1,seq=49,id=97,dest_pan=0,dest_addr=ffff,src_pan=0,src_addr=97,pl=
009.log,N/A,N/A,N/A,N/A,N/A,-59,railtime=4249282574,mod=rail,event=rx,nodeid=67,rfpath=1,ch=5212,rssi=-59,lqi=255,mpdu_len=99,crcpass=1,hdrlen=11,ielen=0,msdulen=88,type=1,seq=50,id=97,dest_pan=0,dest_addr=ffff,src_pan=0,src_addr=97,pl=
009.log,N/A,N/A,N/A,N/A,N/A,-59,railtime=4251288585,mod=rail,event=rx,nodeid=67,rfpath=1,ch=5212,rssi=-59,lqi=255,mpdu_len=99,crcpass=1,hdrlen=11,ielen=0,msdulen=88,type=1,seq=51,id=97,dest_pan=0,dest_addr=ffff,src_pan=0,src_addr=97,pl=
009.log,N/A,N/A,N/A,N/A,N/A,-59,railtime=4253294479,mod=rail,event=rx,nodeid=67,rfpath=1,ch=5212,rssi=-59,lqi=255,mpdu_len=99,crcpass=1,hdrlen=11,ielen=0,msdulen=88,type=1,seq=52,id=97,dest_pan=0,dest_addr=ffff,src_pan=0,src_addr=97,pl=
009.log,N/A,N/A,N/A,N/A,N/A,-59,railtime=4255288446,mod=rail,event=rx,nodeid=67,rfpath=1,ch=5212,rssi=-59,lqi=255,mpdu_len=99,crcpass=1,hdrlen=11,ielen=0,msdulen=88,type=1,seq=53,id=97,dest_pan=0,dest_addr=ffff,src_pan=0,src_addr=97,pl=
009.log,N/A,N/A,N/A,N/A,N/A,-59,railtime=4257294325,mod=rail,event=rx,nodeid=67,rfpath=1,ch=5212,rssi=-59,lqi=255,mpdu_len=99,crcpass=1,hdrlen=11,ielen=0,msdulen=88,type=1,seq=54,id=97,dest_pan=0,dest_addr=ffff,src_pan=0,src_addr=97,pl=
009.log,N/A,N/A,N/A,N/A,N/A,-59,railtime=4259297173,mod=rail,event=rx,nodeid=67,rfpath=1,ch=5212,rssi=-59,lqi=255,mpdu_len=99,crcpass=1,hdrlen=11,ielen=0,msdulen=88,type=1,seq=55,id=97,dest_pan=0,dest_addr=ffff,src_pan=0,src_addr=97,pl=
009.log,N/A,N/A,N/A,N/A,N/A,-60,railtime=4261293916,mod=rail,event=rx,nodeid=67,rfpath=1,ch=5212,rssi=-60,lqi=255,mpdu_len=99,crcpass=1,hdrlen=11,ielen=0,msdulen=88,type=1,seq=56,id=97,dest_pan=0,dest_addr=ffff,src_pan=0,src_addr=97,pl=
009.log,N/A,N/A,N/A,N/A,N/A,-59,railtime=4263290172,mod=rail,event=rx,nodeid=67,rfpath=1,ch=5212,rssi=-59,lqi=255,mpdu_len=99,crcpass=1,hdrlen=11,ielen=0,msdulen=88,type=1,seq=57,id=97,dest_pan=0,dest_addr=ffff,src_pan=0,src_addr=97,pl=
009.log,N/A,N/A,N/A,N/A,N/A,-60,railtime=4265296104,mod=rail,event=rx,nodeid=67,rfpath=1,ch=5212,rssi=-60,lqi=255,mpdu_len=99,crcpass=1,hdrlen=11,ielen=0,msdulen=88,type=1,seq=58,id=97,dest_pan=0,dest_addr=ffff,src_pan=0,src_addr=97,pl=
010.log,2026-04-23 15:22:15,139.5915276,35.4186014,19.815,0.358,-59,railtime=0545134085,mod=rail,event=rx,nodeid=67,rfpath=1,ch=5212,rssi=-59,lqi=255,mpdu_len=99,crcpass=1,hdrlen=11,ielen=0,msdulen=88,type=1,seq=89,id=97,dest_pan=0,dest_addr=ffff,src_pan=0,src_addr=97,pl=
010.log,2026-04-23 15:22:17,139.591536,35.4186074,17.71,0.047,-59,railtime=0547128029,mod=rail,event=rx,nodeid=67,rfpath=1,ch=5212,rssi=-59,lqi=255,mpdu_len=99,crcpass=1,hdrlen=11,ielen=0,msdulen=88,type=1,seq=90,id=97,dest_pan=0,dest_addr=ffff,src_pan=0,src_addr=97,pl=
010.log,2026-04-23 15:22:19,139.5915597,35.4186192,14.239,1.112,-59,railtime=0549118922,mod=rail,event=rx,nodeid=67,rfpath=1,ch=5212,rssi=-59,lqi=255,mpdu_len=99,crcpass=1,hdrlen=11,ielen=0,msdulen=88,type=1,seq=91,id=97,dest_pan=0,dest_addr=ffff,src_pan=0,src_addr=97,pl=
010.log,2026-04-23 15:22:21,139.5915861,35.4186277,8.943,1.228,-58,railtime=0551136901,mod=rail,event=rx,nodeid=67,rfpath=1,ch=5212,rssi=-58,lqi=255,mpdu_len=99,crcpass=1,hdrlen=11,ielen=0,msdulen=88,type=1,seq=92,id=97,dest_pan=0,dest_addr=ffff,src_pan=0,src_addr=97,pl=
010.log,2026-04-23 15:22:23,139.5916009,35.4186315,11.294,0.651,-58,railtime=0553136855,mod=rail,event=rx,nodeid=67,rfpath=1,ch=5212,rssi=-58,lqi=255,mpdu_len=99,crcpass=1,hdrlen=11,ielen=0,msdulen=88,type=1,seq=93,id=97,dest_pan=0,dest_addr=ffff,src_pan=0,src_addr=97,pl=
010.log,2026-04-23 15:22:25,139.5916076,35.4186341,8.715,0.157,-58,railtime=0555133613,mod=rail,event=rx,nodeid=67,rfpath=1,ch=5212,rssi=-58,lqi=255,mpdu_len=99,crcpass=1,hdrlen=11,ielen=0,msdulen=88,type=1,seq=94,id=97,dest_pan=0,dest_addr=ffff,src_pan=0,src_addr=97,pl=
010.log,2026-04-23 15:22:27,139.5915866,35.4186482,5.702,0.313,-59,railtime=0557141730,mod=rail,event=rx,nodeid=67,rfpath=1,ch=5212,rssi=-59,lqi=255,mpdu_len=99,crcpass=1,hdrlen=11,ielen=0,msdulen=88,type=1,seq=95,id=97,dest_pan=0,dest_addr=ffff,src_pan=0,src_addr=97,pl=
010.log,2026-04-23 15:22:29,139.5915842,35.4186483,6.271,0.38,-58,railtime=0559135641,mod=rail,event=rx,nodeid=67,rfpath=1,ch=5212,rssi=-58,lqi=255,mpdu_len=99,crcpass=1,hdrlen=11,ielen=0,msdulen=88,type=1,seq=96,id=97,dest_pan=0,dest_addr=ffff,src_pan=0,src_addr=97,pl=
010.log,2026-04-23 15:22:31,139.5916024,35.4186476,0.319,0.204,-58,railtime=0561156604,mod=rail,event=rx,nodeid=67,rfpath=1,ch=5212,rssi=-58,lqi=255,mpdu_len=99,crcpass=1,hdrlen=11,ielen=0,msdulen=88,type=1,seq=97,id=97,dest_pan=0,dest_addr=ffff,src_pan=0,src_addr=97,pl=
010.log,2026-04-23 15:22:33,139.5915763,35.4186517,4.493,0.774,-58,railtime=0563147546,mod=rail,event=rx,nodeid=67,rfpath=1,ch=5212,rssi=-58,lqi=255,mpdu_len=100,crcpass=1,hdrlen=11,ielen=0,msdulen=89,type=1,seq=98,id=97,dest_pan=0,dest_addr=ffff,src_pan=0,src_addr=97,pl=
010.log,2026-04-23 15:22:35,139.5915765,35.4186481,1.697,0.38,-58,railtime=0565141314,mod=rail,event=rx,nodeid=67,rfpath=1,ch=5212,rssi=-58,lqi=255,mpdu_len=99,crcpass=1,hdrlen=11,ielen=0,msdulen=88,type=1,seq=99,id=97,dest_pan=0,dest_addr=ffff,src_pan=0,src_addr=97,pl=
010.log,2026-04-23 15:22:37,139.5915839,35.4186454,1.961,0.173,-58,railtime=0567147078,mod=rail,event=rx,nodeid=67,rfpath=1,ch=5212,rssi=-58,lqi=255,mpdu_len=99,crcpass=1,hdrlen=11,ielen=0,msdulen=88,type=1,seq=100,id=97,dest_pan=0,dest_addr=ffff,src_pan=0,src_addr=97,pl=
010.log,2026-04-23 15:22:39,139.5915699,35.4186461,-1.04,0.159,-58,railtime=0569155378,mod=rail,event=rx,nodeid=67,rfpath=1,ch=5212,rssi=-58,lqi=255,mpdu_len=99,crcpass=1,hdrlen=11,ielen=0,msdulen=88,type=1,seq=101,id=97,dest_pan=0,dest_addr=ffff,src_pan=0,src_addr=97,pl=
010.log,2026-04-23 15:22:41,139.5915644,35.4186469,1.238,0.211,-57,railtime=0571170339,mod=rail,event=rx,nodeid=67,rfpath=1,ch=5212,rssi=-57,lqi=255,mpdu_len=99,crcpass=1,hdrlen=11,ielen=0,msdulen=88,type=1,seq=102,id=97,dest_pan=0,dest_addr=ffff,src_pan=0,src_addr=97,pl=
010.log,2026-04-23 15:22:43,139.5915383,35.4186506,2.741,0.549,-58,railtime=0573170190,mod=rail,event=rx,nodeid=67,rfpath=1,ch=5212,rssi=-58,lqi=255,mpdu_len=99,crcpass=1,hdrlen=11,ielen=0,msdulen=88,type=1,seq=103,id=97,dest_pan=0,dest_addr=ffff,src_pan=0,src_addr=97,pl=
010.log,2026-04-23 15:22:45,139.5915122,35.4186548,1.003,0.958,-58,railtime=0575155265,mod=rail,event=rx,nodeid=67,rfpath=1,ch=5212,rssi=-58,lqi=255,mpdu_len=100,crcpass=1,hdrlen=11,ielen=0,msdulen=89,type=1,seq=104,id=97,dest_pan=0,dest_addr=ffff,src_pan=0,src_addr=97,pl=
010.log,2026-04-23 15:22:47,139.5915296,35.4186416,-0.038,0.32,-58,railtime=0577158174,mod=rail,event=rx,nodeid=67,rfpath=1,ch=5212,rssi=-58,lqi=255,mpdu_len=99,crcpass=1,hdrlen=11,ielen=0,msdulen=88,type=1,seq=105,id=97,dest_pan=0,dest_addr=ffff,src_pan=0,src_addr=97,pl=
010.log,2026-04-23 15:22:49,139.591542,35.4186324,0.287,0.146,-58,railtime=0579167135,mod=rail,event=rx,nodeid=67,rfpath=1,ch=5212,rssi=-58,lqi=255,mpdu_len=99,crcpass=1,hdrlen=11,ielen=0,msdulen=88,type=1,seq=106,id=97,dest_pan=0,dest_addr=ffff,src_pan=0,src_addr=97,pl=
010.log,2026-04-23 15:22:51,139.5915695,35.4186251,0.476,0.765,-58,railtime=0581179042,mod=rail,event=rx,nodeid=67,rfpath=1,ch=5212,rssi=-58,lqi=255,mpdu_len=99,crcpass=1,hdrlen=11,ielen=0,msdulen=88,type=1,seq=107,id=97,dest_pan=0,dest_addr=ffff,src_pan=0,src_addr=97,pl=
010.log,2026-04-23 15:22:53,139.591436,35.4186379,4.216,0.317,-58,railtime=0583178891,mod=rail,event=rx,nodeid=67,rfpath=1,ch=5212,rssi=-58,lqi=255,mpdu_len=99,crcpass=1,hdrlen=11,ielen=0,msdulen=88,type=1,seq=108,id=97,dest_pan=0,dest_addr=ffff,src_pan=0,src_addr=97,pl=
010.log,2026-04-23 15:22:55,139.5913,35.418654,6.026,0.187,-59,railtime=0585181907,mod=rail,event=rx,nodeid=67,rfpath=1,ch=5212,rssi=-59,lqi=255,mpdu_len=99,crcpass=1,hdrlen=11,ielen=0,msdulen=88,type=1,seq=109,id=97,dest_pan=0,dest_addr=ffff,src_pan=0,src_addr=97,pl=
010.log,2026-04-23 15:22:57,139.5911925,35.4186716,3.841,0.666,-58,railtime=0587193817,mod=rail,event=rx,nodeid=67,rfpath=1,ch=5212,rssi=-58,lqi=255,mpdu_len=99,crcpass=1,hdrlen=11,ielen=0,msdulen=88,type=1,seq=110,id=97,dest_pan=0,dest_addr=ffff,src_pan=0,src_addr=97,pl=
010.log,2026-04-23 15:22:59,139.5911151,35.418684,1.765,1.294,-59,railtime=0589178749,mod=rail,event=rx,nodeid=67,rfpath=1,ch=5212,rssi=-59,lqi=255,mpdu_len=99,crcpass=1,hdrlen=11,ielen=0,msdulen=88,type=1,seq=111,id=97,dest_pan=0,dest_addr=ffff,src_pan=0,src_addr=97,pl=
010.log,2026-04-23 15:23:01,139.5910452,35.4186862,-0.063,1.827,-59,railtime=0591193728,mod=rail,event=rx,nodeid=67,rfpath=1,ch=5212,rssi=-59,lqi=255,mpdu_len=99,crcpass=1,hdrlen=11,ielen=0,msdulen=88,type=1,seq=112,id=97,dest_pan=0,dest_addr=ffff,src_pan=0,src_addr=97,pl=
010.log,2026-04-23 15:23:03,139.5909919,35.4186922,-1.786,1.374,-59,railtime=0593187000,mod=rail,event=rx,nodeid=67,rfpath=1,ch=5212,rssi=-59,lqi=255,mpdu_len=99,crcpass=1,hdrlen=11,ielen=0,msdulen=88,type=1,seq=113,id=97,dest_pan=0,dest_addr=ffff,src_pan=0,src_addr=97,pl=
010.log,2026-04-23 15:23:05,139.5910713,35.4186823,-2.305,2.842,-59,railtime=0595199141,mod=rail,event=rx,nodeid=67,rfpath=1,ch=5212,rssi=-59,lqi=255,mpdu_len=99,crcpass=1,hdrlen=11,ielen=0,msdulen=88,type=1,seq=114,id=97,dest_pan=0,dest_addr=ffff,src_pan=0,src_addr=97,pl=
010.log,2026-04-23 15:23:07,139.5911562,35.4186814,-1.394,3.497,-58,railtime=0597194576,mod=rail,event=rx,nodeid=67,rfpath=1,ch=5212,rssi=-58,lqi=255,mpdu_len=99,crcpass=1,hdrlen=11,ielen=0,msdulen=88,type=1,seq=115,id=97,dest_pan=0,dest_addr=ffff,src_pan=0,src_addr=97,pl=
010.log,2026-04-23 15:23:09,139.5912267,35.418673,0.714,3.27,-58,railtime=0599194471,mod=rail,event=rx,nodeid=67,rfpath=1,ch=5212,rssi=-58,lqi=255,mpdu_len=99,crcpass=1,hdrlen=11,ielen=0,msdulen=88,type=1,seq=116,id=97,dest_pan=0,dest_addr=ffff,src_pan=0,src_addr=97,pl=
010.log,2026-04-23 15:23:11,139.5912808,35.4186603,1.206,2.174,-58,railtime=0601200458,mod=rail,event=rx,nodeid=67,rfpath=1,ch=5212,rssi=-58,lqi=255,mpdu_len=99,crcpass=1,hdrlen=11,ielen=0,msdulen=88,type=1,seq=117,id=97,dest_pan=0,dest_addr=ffff,src_pan=0,src_addr=97,pl=
010.log,2026-04-23 15:23:13,139.5912861,35.4186501,1.263,0.843,-58,railtime=0603215312,mod=rail,event=rx,nodeid=67,rfpath=1,ch=5212,rssi=-58,lqi=255,mpdu_len=99,crcpass=1,hdrlen=11,ielen=0,msdulen=88,type=1,seq=118,id=97,dest_pan=0,dest_addr=ffff,src_pan=0,src_addr=97,pl=
010.log,2026-04-23 15:23:15,139.5912894,35.4186466,1.758,0.211,-59,railtime=0605218202,mod=rail,event=rx,nodeid=67,rfpath=1,ch=5212,rssi=-59,lqi=255,mpdu_len=99,crcpass=1,hdrlen=11,ielen=0,msdulen=88,type=1,seq=119,id=97,dest_pan=0,dest_addr=ffff,src_pan=0,src_addr=97,pl=
010.log,2026-04-23 15:23:17,139.5912984,35.4186541,2.353,0.519,-58,railtime=0607211691,mod=rail,event=rx,nodeid=67,rfpath=1,ch=5212,rssi=-58,lqi=255,mpdu_len=99,crcpass=1,hdrlen=11,ielen=0,msdulen=88,type=1,seq=120,id=97,dest_pan=0,dest_addr=ffff,src_pan=0,src_addr=97,pl=
010.log,2026-04-23 15:23:19,139.5913107,35.4186566,2.523,0.424,-58,railtime=0609211816,mod=rail,event=rx,nodeid=67,rfpath=1,ch=5212,rssi=-58,lqi=255,mpdu_len=99,crcpass=1,hdrlen=11,ielen=0,msdulen=88,type=1,seq=121,id=97,dest_pan=0,dest_addr=ffff,src_pan=0,src_addr=97,pl=
010.log,2026-04-23 15:23:21,139.5913275,35.4186451,1.462,0.359,-59,railtime=0611217122,mod=rail,event=rx,nodeid=67,rfpath=1,ch=5212,rssi=-59,lqi=255,mpdu_len=99,crcpass=1,hdrlen=11,ielen=0,msdulen=88,type=1,seq=122,id=97,dest_pan=0,dest_addr=ffff,src_pan=0,src_addr=97,pl=
010.log,2026-04-23 15:23:23,139.5913549,35.4186419,0.924,0.523,-59,railtime=0613217036,mod=rail,event=rx,nodeid=67,rfpath=1,ch=5212,rssi=-59,lqi=255,mpdu_len=99,crcpass=1,hdrlen=11,ielen=0,msdulen=88,type=1,seq=123,id=97,dest_pan=0,dest_addr=ffff,src_pan=0,src_addr=97,pl=
010.log,2026-04-23 15:23:25,139.5913916,35.4186311,0.389,0.917,-58,railtime=0615225897,mod=rail,event=rx,nodeid=67,rfpath=1,ch=5212,rssi=-58,lqi=255,mpdu_len=99,crcpass=1,hdrlen=11,ielen=0,msdulen=88,type=1,seq=124,id=97,dest_pan=0,dest_addr=ffff,src_pan=0,src_addr=97,pl=
010.log,2026-04-23 15:23:27,139.5914273,35.4186187,1.949,1.129,-58,railtime=0617218935,mod=rail,event=rx,nodeid=67,rfpath=1,ch=5212,rssi=-58,lqi=255,mpdu_len=99,crcpass=1,hdrlen=11,ielen=0,msdulen=88,type=1,seq=125,id=97,dest_pan=0,dest_addr=ffff,src_pan=0,src_addr=97,pl=
010.log,2026-04-23 15:23:29,139.5914528,35.4186135,2.937,0.704,-58,railtime=0619233998,mod=rail,event=rx,nodeid=67,rfpath=1,ch=5212,rssi=-58,lqi=255,mpdu_len=100,crcpass=1,hdrlen=11,ielen=0,msdulen=89,type=1,seq=126,id=97,dest_pan=0,dest_addr=ffff,src_pan=0,src_addr=97,pl=
010.log,2026-04-23 15:23:31,139.5914675,35.418604,2.101,0.749,-58,railtime=0621218780,mod=rail,event=rx,nodeid=67,rfpath=1,ch=5212,rssi=-58,lqi=255,mpdu_len=99,crcpass=1,hdrlen=11,ielen=0,msdulen=88,type=1,seq=127,id=97,dest_pan=0,dest_addr=ffff,src_pan=0,src_addr=97,pl=
010.log,2026-04-23 15:23:33,139.5914765,35.418594,-2.388,0.707,-58,railtime=0623240506,mod=rail,event=rx,nodeid=67,rfpath=1,ch=5212,rssi=-58,lqi=255,mpdu_len=100,crcpass=1,hdrlen=11,ielen=0,msdulen=89,type=1,seq=128,id=97,dest_pan=0,dest_addr=ffff,src_pan=0,src_addr=97,pl=
010.log,2026-04-23 15:23:35,139.591509,35.4185857,-2.195,1.345,-58,railtime=0625245621,mod=rail,event=rx,nodeid=67,rfpath=1,ch=5212,rssi=-58,lqi=255,mpdu_len=99,crcpass=1,hdrlen=11,ielen=0,msdulen=88,type=1,seq=129,id=97,dest_pan=0,dest_addr=ffff,src_pan=0,src_addr=97,pl=
010.log,2026-04-23 15:23:37,139.5915474,35.4185785,0.428,1.886,-58,railtime=0627226629,mod=rail,event=rx,nodeid=67,rfpath=1,ch=5212,rssi=-58,lqi=255,mpdu_len=99,crcpass=1,hdrlen=11,ielen=0,msdulen=88,type=1,seq=130,id=97,dest_pan=0,dest_addr=ffff,src_pan=0,src_addr=97,pl=
010.log,2026-04-23 15:23:39,139.5915665,35.4186052,0.95,1.991,-58,railtime=0629235628,mod=rail,event=rx,nodeid=67,rfpath=1,ch=5212,rssi=-58,lqi=255,mpdu_len=99,crcpass=1,hdrlen=11,ielen=0,msdulen=88,type=1,seq=131,id=97,dest_pan=0,dest_addr=ffff,src_pan=0,src_addr=97,pl=
010.log,2026-04-23 15:25:13,139.5916067,35.4186386,-5.088,0.274,NaN,railtime=0723379809,mod=rail,event=rx,nodeid=67,rfpath=1,ch=5212,rssi=-59,lqi=255,mpdu_len=99,crcpass=1,hdrlen=11,ielen=0,msdulen=88,type=1,seq=178,id=97,dest_pan=0,dest_addr=ffff,src_pan=0,src_addr=97,pl=
010.log,2026-04-23 15:25:15,139.591612,35.4186408,-5.519,0.386,NaN,railtime=0725385846,mod=rail,event=rx,nodeid=67,rfpath=1,ch=5212,rssi=-59,lqi=255,mpdu_len=99,crcpass=1,hdrlen=11,ielen=0,msdulen=88,type=1,seq=179,id=97,dest_pan=0,dest_addr=ffff,src_pan=0,src_addr=97,pl=
010.log,2026-04-23 15:25:17,139.5916227,35.4186463,-5.755,0.459,NaN,railtime=0727379767,mod=rail,event=rx,nodeid=67,rfpath=1,ch=5212,rssi=-59,lqi=255,mpdu_len=99,crcpass=1,hdrlen=11,ielen=0,msdulen=88,type=1,seq=180,id=97,dest_pan=0,dest_addr=ffff,src_pan=0,src_addr=97,pl=
010.log,2026-04-23 15:25:19,139.5916303,35.4186521,-5.602,0.351,NaN,railtime=0729376685,mod=rail,event=rx,nodeid=67,rfpath=1,ch=5212,rssi=-59,lqi=255,mpdu_len=99,crcpass=1,hdrlen=11,ielen=0,msdulen=88,type=1,seq=181,id=97,dest_pan=0,dest_addr=ffff,src_pan=0,src_addr=97,pl=
010.log,2026-04-23 15:25:21,139.5916281,35.4186515,-6.899,0.1,NaN,railtime=0731391516,mod=rail,event=rx,nodeid=67,rfpath=1,ch=5212,rssi=-59,lqi=255,mpdu_len=99,crcpass=1,hdrlen=11,ielen=0,msdulen=88,type=1,seq=182,id=97,dest_pan=0,dest_addr=ffff,src_pan=0,src_addr=97,pl=
010.log,2026-04-23 15:25:23,139.5916196,35.4186475,-7.724,0.076,NaN,railtime=0733387598,mod=rail,event=rx,nodeid=67,rfpath=1,ch=5212,rssi=-59,lqi=255,mpdu_len=99,crcpass=1,hdrlen=11,ielen=0,msdulen=88,type=1,seq=183,id=97,dest_pan=0,dest_addr=ffff,src_pan=0,src_addr=97,pl=
010.log,2026-04-23 15:25:25,139.5916206,35.4186472,-7.89,0.069,NaN,railtime=0735396422,mod=rail,event=rx,nodeid=67,rfpath=1,ch=5212,rssi=-59,lqi=255,mpdu_len=99,crcpass=1,hdrlen=11,ielen=0,msdulen=88,type=1,seq=184,id=97,dest_pan=0,dest_addr=ffff,src_pan=0,src_addr=97,pl=
010.log,2026-04-23 15:25:27,139.591619,35.4186473,-8.362,0.087,NaN,railtime=0737399161,mod=rail,event=rx,nodeid=67,rfpath=1,ch=5212,rssi=-59,lqi=255,mpdu_len=99,crcpass=1,hdrlen=11,ielen=0,msdulen=88,type=1,seq=185,id=97,dest_pan=0,dest_addr=ffff,src_pan=0,src_addr=97,pl=
010.log,2026-04-23 15:25:29,139.5916233,35.418649,-8.497,0.238,NaN,railtime=0739386386,mod=rail,event=rx,nodeid=67,rfpath=1,ch=5212,rssi=-58,lqi=255,mpdu_len=99,crcpass=1,hdrlen=11,ielen=0,msdulen=88,type=1,seq=186,id=97,dest_pan=0,dest_addr=ffff,src_pan=0,src_addr=97,pl=
010.log,2026-04-23 15:25:31,139.5916265,35.4186516,-8.56,0.153,NaN,railtime=0741401312,mod=rail,event=rx,nodeid=67,rfpath=1,ch=5212,rssi=-59,lqi=255,mpdu_len=99,crcpass=1,hdrlen=11,ielen=0,msdulen=88,type=1,seq=187,id=97,dest_pan=0,dest_addr=ffff,src_pan=0,src_addr=97,pl=
010.log,2026-04-23 15:25:33,139.5916316,35.418654,-9.319,0.063,NaN,railtime=0743398203,mod=rail,event=rx,nodeid=67,rfpath=1,ch=5212,rssi=-60,lqi=255,mpdu_len=99,crcpass=1,hdrlen=11,ielen=0,msdulen=88,type=1,seq=188,id=97,dest_pan=0,dest_addr=ffff,src_pan=0,src_addr=97,pl=
010.log,2026-04-23 15:25:35,139.5916326,35.4186545,-9.293,0.128,NaN,railtime=0745398139,mod=rail,event=rx,nodeid=67,rfpath=1,ch=5212,rssi=-58,lqi=255,mpdu_len=99,crcpass=1,hdrlen=11,ielen=0,msdulen=88,type=1,seq=189,id=97,dest_pan=0,dest_addr=ffff,src_pan=0,src_addr=97,pl=
010.log,2026-04-23 15:25:37,139.5916255,35.4186517,-9.42,0.065,NaN,railtime=0747394167,mod=rail,event=rx,nodeid=67,rfpath=1,ch=5212,rssi=-57,lqi=255,mpdu_len=99,crcpass=1,hdrlen=11,ielen=0,msdulen=88,type=1,seq=190,id=97,dest_pan=0,dest_addr=ffff,src_pan=0,src_addr=97,pl=
010.log,2026-04-23 15:25:39,139.5916258,35.4186498,-9.202,0.1,NaN,railtime=0749397099,mod=rail,event=rx,nodeid=67,rfpath=1,ch=5212,rssi=-57,lqi=255,mpdu_len=99,crcpass=1,hdrlen=11,ielen=0,msdulen=88,type=1,seq=191,id=97,dest_pan=0,dest_addr=ffff,src_pan=0,src_addr=97,pl=
010.log,2026-04-23 15:25:41,139.591618,35.4186408,-9.645,0.348,NaN,railtime=0751413762,mod=rail,event=rx,nodeid=67,rfpath=1,ch=5212,rssi=-60,lqi=255,mpdu_len=99,crcpass=1,hdrlen=11,ielen=0,msdulen=88,type=1,seq=192,id=97,dest_pan=0,dest_addr=ffff,src_pan=0,src_addr=97,pl=
010.log,2026-04-23 15:25:43,139.5916226,35.4186398,-10.536,0.18,NaN,railtime=0753403975,mod=rail,event=rx,nodeid=67,rfpath=1,ch=5212,rssi=-59,lqi=255,mpdu_len=99,crcpass=1,hdrlen=11,ielen=0,msdulen=88,type=1,seq=193,id=97,dest_pan=0,dest_addr=ffff,src_pan=0,src_addr=97,pl=
010.log,2026-04-23 15:25:45,139.5916175,35.4186349,-11.426,0.117,NaN,railtime=0755412959,mod=rail,event=rx,nodeid=67,rfpath=1,ch=5212,rssi=-59,lqi=255,mpdu_len=99,crcpass=1,hdrlen=11,ielen=0,msdulen=88,type=1,seq=194,id=97,dest_pan=0,dest_addr=ffff,src_pan=0,src_addr=97,pl=
010.log,2026-04-23 15:25:47,139.5916108,35.4186275,-12.497,0.118,NaN,railtime=0757409931,mod=rail,event=rx,nodeid=67,rfpath=1,ch=5212,rssi=-59,lqi=255,mpdu_len=99,crcpass=1,hdrlen=11,ielen=0,msdulen=88,type=1,seq=195,id=97,dest_pan=0,dest_addr=ffff,src_pan=0,src_addr=97,pl=
010.log,2026-04-23 15:25:49,139.5916161,35.4186292,-12.567,0.202,NaN,railtime=0759422109,mod=rail,event=rx,nodeid=67,rfpath=1,ch=5212,rssi=-59,lqi=255,mpdu_len=99,crcpass=1,hdrlen=11,ielen=0,msdulen=88,type=1,seq=196,id=97,dest_pan=0,dest_addr=ffff,src_pan=0,src_addr=97,pl=
010.log,2026-04-23 15:25:51,139.5916146,35.4186283,-13.384,0.232,NaN,railtime=0761427738,mod=rail,event=rx,nodeid=67,rfpath=1,ch=5212,rssi=-60,lqi=255,mpdu_len=99,crcpass=1,hdrlen=11,ielen=0,msdulen=88,type=1,seq=197,id=97,dest_pan=0,dest_addr=ffff,src_pan=0,src_addr=97,pl=
010.log,2026-04-23 15:25:53,139.5916043,35.4186234,-13.613,0.056,NaN,railtime=0763421842,mod=rail,event=rx,nodeid=67,rfpath=1,ch=5212,rssi=-59,lqi=255,mpdu_len=99,crcpass=1,hdrlen=11,ielen=0,msdulen=88,type=1,seq=198,id=97,dest_pan=0,dest_addr=ffff,src_pan=0,src_addr=97,pl=
010.log,2026-04-23 15:25:55,139.5915974,35.4186169,-13.658,0.051,NaN,railtime=0765425187,mod=rail,event=rx,nodeid=67,rfpath=1,ch=5212,rssi=-59,lqi=255,mpdu_len=99,crcpass=1,hdrlen=11,ielen=0,msdulen=88,type=1,seq=199,id=97,dest_pan=0,dest_addr=ffff,src_pan=0,src_addr=97,pl=
010.log,2026-04-23 15:25:57,139.5915826,35.4186102,-12.209,0.15,NaN,railtime=0767441581,mod=rail,event=rx,nodeid=67,rfpath=1,ch=5212,rssi=-59,lqi=255,mpdu_len=99,crcpass=1,hdrlen=11,ielen=0,msdulen=88,type=1,seq=200,id=97,dest_pan=0,dest_addr=ffff,src_pan=0,src_addr=97,pl=
010.log,2026-04-23 15:25:59,139.5915729,35.4186043,-11.476,0.093,NaN,railtime=0769429516,mod=rail,event=rx,nodeid=67,rfpath=1,ch=5212,rssi=-59,lqi=255,mpdu_len=99,crcpass=1,hdrlen=11,ielen=0,msdulen=88,type=1,seq=201,id=97,dest_pan=0,dest_addr=ffff,src_pan=0,src_addr=97,pl=
010.log,2026-04-23 15:26:01,139.5915683,35.4185989,-11.01,0.134,NaN,railtime=0771426448,mod=rail,event=rx,nodeid=67,rfpath=1,ch=5212,rssi=-59,lqi=255,mpdu_len=99,crcpass=1,hdrlen=11,ielen=0,msdulen=88,type=1,seq=202,id=97,dest_pan=0,dest_addr=ffff,src_pan=0,src_addr=97,pl=
010.log,2026-04-23 15:26:03,139.591565,35.4185964,-11.659,0.114,NaN,railtime=0773432277,mod=rail,event=rx,nodeid=67,rfpath=1,ch=5212,rssi=-59,lqi=255,mpdu_len=99,crcpass=1,hdrlen=11,ielen=0,msdulen=88,type=1,seq=203,id=97,dest_pan=0,dest_addr=ffff,src_pan=0,src_addr=97,pl=
010.log,2026-04-23 15:26:05,139.5915606,35.4185916,-11.815,0.033,NaN,railtime=0775444267,mod=rail,event=rx,nodeid=67,rfpath=1,ch=5212,rssi=-60,lqi=255,mpdu_len=99,crcpass=1,hdrlen=11,ielen=0,msdulen=88,type=1,seq=204,id=97,dest_pan=0,dest_addr=ffff,src_pan=0,src_addr=97,pl=
010.log,2026-04-23 15:26:07,139.5915538,35.4185873,-11.382,0.074,NaN,railtime=0777446330,mod=rail,event=rx,nodeid=67,rfpath=1,ch=5212,rssi=-60,lqi=255,mpdu_len=99,crcpass=1,hdrlen=11,ielen=0,msdulen=88,type=1,seq=205,id=97,dest_pan=0,dest_addr=ffff,src_pan=0,src_addr=97,pl=
010.log,2026-04-23 15:26:08,139.5915482,35.4185834,-12.104,0.183,NaN,railtime=0779437260,mod=rail,event=rx,nodeid=67,rfpath=1,ch=5212,rssi=-59,lqi=255,mpdu_len=99,crcpass=1,hdrlen=11,ielen=0,msdulen=88,type=1,seq=206,id=97,dest_pan=0,dest_addr=ffff,src_pan=0,src_addr=97,pl=
010.log,2026-04-23 15:26:10,139.5915438,35.4185816,-12.807,0.161,NaN,railtime=0781440153,mod=rail,event=rx,nodeid=67,rfpath=1,ch=5212,rssi=-59,lqi=255,mpdu_len=99,crcpass=1,hdrlen=11,ielen=0,msdulen=88,type=1,seq=207,id=97,dest_pan=0,dest_addr=ffff,src_pan=0,src_addr=97,pl=
010.log,2026-04-23 15:26:12,139.591536,35.4185801,-13.208,0.098,NaN,railtime=0783443085,mod=rail,event=rx,nodeid=67,rfpath=1,ch=5212,rssi=-59,lqi=255,mpdu_len=99,crcpass=1,hdrlen=11,ielen=0,msdulen=88,type=1,seq=208,id=97,dest_pan=0,dest_addr=ffff,src_pan=0,src_addr=97,pl=
010.log,2026-04-23 15:26:14,139.5915274,35.4185808,-13.928,0.114,NaN,railtime=0785467132,mod=rail,event=rx,nodeid=67,rfpath=1,ch=5212,rssi=-60,lqi=255,mpdu_len=99,crcpass=1,hdrlen=11,ielen=0,msdulen=88,type=1,seq=209,id=97,dest_pan=0,dest_addr=ffff,src_pan=0,src_addr=97,pl=
010.log,2026-04-23 15:26:16,139.5915204,35.4185796,-15.01,0.11,NaN,railtime=0787463989,mod=rail,event=rx,nodeid=67,rfpath=1,ch=5212,rssi=-60,lqi=255,mpdu_len=99,crcpass=1,hdrlen=11,ielen=0,msdulen=88,type=1,seq=210,id=97,dest_pan=0,dest_addr=ffff,src_pan=0,src_addr=97,pl=
010.log,2026-04-23 15:26:18,139.5915156,35.4185793,-14.832,0.024,NaN,railtime=0789466925,mod=rail,event=rx,nodeid=67,rfpath=1,ch=5212,rssi=-59,lqi=255,mpdu_len=99,crcpass=1,hdrlen=11,ielen=0,msdulen=88,type=1,seq=211,id=97,dest_pan=0,dest_addr=ffff,src_pan=0,src_addr=97,pl=
010.log,2026-04-23 15:26:20,139.5915122,35.4185792,-14.801,0.11,NaN,railtime=0791454828,mod=rail,event=rx,nodeid=67,rfpath=1,ch=5212,rssi=-59,lqi=255,mpdu_len=99,crcpass=1,hdrlen=11,ielen=0,msdulen=88,type=1,seq=212,id=97,dest_pan=0,dest_addr=ffff,src_pan=0,src_addr=97,pl=
010.log,2026-04-23 15:26:22,139.5915127,35.4185766,-15.272,0.092,NaN,railtime=0793461612,mod=rail,event=rx,nodeid=67,rfpath=1,ch=5212,rssi=-58,lqi=255,mpdu_len=99,crcpass=1,hdrlen=11,ielen=0,msdulen=88,type=1,seq=213,id=97,dest_pan=0,dest_addr=ffff,src_pan=0,src_addr=97,pl=
010.log,2026-04-23 15:26:24,139.5915138,35.4185733,-15.471,0.04,NaN,railtime=0795466712,mod=rail,event=rx,nodeid=67,rfpath=1,ch=5212,rssi=-59,lqi=255,mpdu_len=99,crcpass=1,hdrlen=11,ielen=0,msdulen=88,type=1,seq=214,id=97,dest_pan=0,dest_addr=ffff,src_pan=0,src_addr=97,pl=
010.log,2026-04-23 15:26:26,139.5915149,35.418574,-15.737,0.108,NaN,railtime=0797471843,mod=rail,event=rx,nodeid=67,rfpath=1,ch=5212,rssi=-59,lqi=255,mpdu_len=100,crcpass=1,hdrlen=11,ielen=0,msdulen=89,type=1,seq=215,id=97,dest_pan=0,dest_addr=ffff,src_pan=0,src_addr=97,pl=
010.log,2026-04-23 15:26:28,139.5915173,35.4185747,-15.515,0.052,NaN,railtime=0799477748,mod=rail,event=rx,nodeid=67,rfpath=1,ch=5212,rssi=-59,lqi=255,mpdu_len=100,crcpass=1,hdrlen=11,ielen=0,msdulen=89,type=1,seq=216,id=97,dest_pan=0,dest_addr=ffff,src_pan=0,src_addr=97,pl=
010.log,2026-04-23 15:26:30,139.5915195,35.4185732,-15.59,0.098,NaN,railtime=0801489633,mod=rail,event=rx,nodeid=67,rfpath=1,ch=5212,rssi=-59,lqi=255,mpdu_len=100,crcpass=1,hdrlen=11,ielen=0,msdulen=89,type=1,seq=217,id=97,dest_pan=0,dest_addr=ffff,src_pan=0,src_addr=97,pl=
010.log,2026-04-23 15:26:32,139.5915258,35.4185716,-16.635,0.237,NaN,railtime=0803480429,mod=rail,event=rx,nodeid=67,rfpath=1,ch=5212,rssi=-58,lqi=255,mpdu_len=99,crcpass=1,hdrlen=11,ielen=0,msdulen=88,type=1,seq=218,id=97,dest_pan=0,dest_addr=ffff,src_pan=0,src_addr=97,pl=
010.log,2026-04-23 15:26:34,139.5915287,35.4185707,-17.035,0.123,NaN,railtime=0805491491,mod=rail,event=rx,nodeid=67,rfpath=1,ch=5212,rssi=-59,lqi=255,mpdu_len=99,crcpass=1,hdrlen=11,ielen=0,msdulen=88,type=1,seq=219,id=97,dest_pan=0,dest_addr=ffff,src_pan=0,src_addr=97,pl=
010.log,2026-04-23 15:26:36,139.5915314,35.4185698,-17.023,0.05,NaN,railtime=0807485423,mod=rail,event=rx,nodeid=67,rfpath=1,ch=5212,rssi=-59,lqi=255,mpdu_len=99,crcpass=1,hdrlen=11,ielen=0,msdulen=88,type=1,seq=220,id=97,dest_pan=0,dest_addr=ffff,src_pan=0,src_addr=97,pl=
010.log,2026-04-23 15:26:38,139.5915315,35.4185675,-17.141,0.072,NaN,railtime=0809479351,mod=rail,event=rx,nodeid=67,rfpath=1,ch=5212,rssi=-59,lqi=255,mpdu_len=99,crcpass=1,hdrlen=11,ielen=0,msdulen=88,type=1,seq=221,id=97,dest_pan=0,dest_addr=ffff,src_pan=0,src_addr=97,pl=
010.log,2026-04-23 15:26:40,139.5915295,35.4185669,-17.074,0.054,NaN,railtime=0811494288,mod=rail,event=rx,nodeid=67,rfpath=1,ch=5212,rssi=-59,lqi=255,mpdu_len=99,crcpass=1,hdrlen=11,ielen=0,msdulen=88,type=1,seq=222,id=97,dest_pan=0,dest_addr=ffff,src_pan=0,src_addr=97,pl=
010.log,2026-04-23 15:26:42,139.5915264,35.4185675,-16.696,0.139,NaN,railtime=0813506185,mod=rail,event=rx,nodeid=67,rfpath=1,ch=5212,rssi=-58,lqi=255,mpdu_len=99,crcpass=1,hdrlen=11,ielen=0,msdulen=88,type=1,seq=223,id=97,dest_pan=0,dest_addr=ffff,src_pan=0,src_addr=97,pl=
010.log,2026-04-23 15:26:44,139.5915273,35.4185679,-15.843,0.065,NaN,railtime=0815491169,mod=rail,event=rx,nodeid=67,rfpath=1,ch=5212,rssi=-58,lqi=255,mpdu_len=99,crcpass=1,hdrlen=11,ielen=0,msdulen=88,type=1,seq=224,id=97,dest_pan=0,dest_addr=ffff,src_pan=0,src_addr=97,pl=
010.log,2026-04-23 15:26:46,139.591525,35.4185697,-14.381,0.086,NaN,railtime=0817497160,mod=rail,event=rx,nodeid=67,rfpath=1,ch=5212,rssi=-59,lqi=255,mpdu_len=99,crcpass=1,hdrlen=11,ielen=0,msdulen=88,type=1,seq=225,id=97,dest_pan=0,dest_addr=ffff,src_pan=0,src_addr=97,pl=
010.log,2026-04-23 15:26:48,139.5915245,35.4185708,-13.461,0.062,NaN,railtime=0819506092,mod=rail,event=rx,nodeid=67,rfpath=1,ch=5212,rssi=-59,lqi=255,mpdu_len=99,crcpass=1,hdrlen=11,ielen=0,msdulen=88,type=1,seq=226,id=97,dest_pan=0,dest_addr=ffff,src_pan=0,src_addr=97,pl=
010.log,2026-04-23 15:26:50,139.5915247,35.4185706,-12.604,0.16,NaN,railtime=0821514943,mod=rail,event=rx,nodeid=67,rfpath=1,ch=5212,rssi=-59,lqi=255,mpdu_len=99,crcpass=1,hdrlen=11,ielen=0,msdulen=88,type=1,seq=227,id=97,dest_pan=0,dest_addr=ffff,src_pan=0,src_addr=97,pl=
010.log,2026-04-23 15:26:52,139.5915282,35.4185704,-11.962,0.02,NaN,railtime=0823514805,mod=rail,event=rx,nodeid=67,rfpath=1,ch=5212,rssi=-59,lqi=255,mpdu_len=99,crcpass=1,hdrlen=11,ielen=0,msdulen=88,type=1,seq=228,id=97,dest_pan=0,dest_addr=ffff,src_pan=0,src_addr=97,pl=
010.log,2026-04-23 15:26:54,139.5915316,35.4185687,-10.967,0.072,NaN,railtime=0825513928,mod=rail,event=rx,nodeid=67,rfpath=1,ch=5212,rssi=-59,lqi=255,mpdu_len=99,crcpass=1,hdrlen=11,ielen=0,msdulen=88,type=1,seq=229,id=97,dest_pan=0,dest_addr=ffff,src_pan=0,src_addr=97,pl=
010.log,2026-04-23 15:26:56,139.591535,35.4185686,-10.576,0.04,NaN,railtime=0827513875,mod=rail,event=rx,nodeid=67,rfpath=1,ch=5212,rssi=-59,lqi=255,mpdu_len=99,crcpass=1,hdrlen=11,ielen=0,msdulen=88,type=1,seq=230,id=97,dest_pan=0,dest_addr=ffff,src_pan=0,src_addr=97,pl=
010.log,2026-04-23 15:26:58,139.5915366,35.4185691,-9.823,0.04,NaN,railtime=0829522781,mod=rail,event=rx,nodeid=67,rfpath=1,ch=5212,rssi=-59,lqi=255,mpdu_len=99,crcpass=1,hdrlen=11,ielen=0,msdulen=88,type=1,seq=231,id=97,dest_pan=0,dest_addr=ffff,src_pan=0,src_addr=97,pl=
010.log,2026-04-23 15:27:00,139.5915359,35.4185697,-8.828,0.121,NaN,railtime=0831531719,mod=rail,event=rx,nodeid=67,rfpath=1,ch=5212,rssi=-59,lqi=255,mpdu_len=100,crcpass=1,hdrlen=11,ielen=0,msdulen=89,type=1,seq=232,id=97,dest_pan=0,dest_addr=ffff,src_pan=0,src_addr=97,pl=
010.log,2026-04-23 15:27:02,139.5915331,35.4185678,-7.73,0.163,NaN,railtime=0833516480,mod=rail,event=rx,nodeid=67,rfpath=1,ch=5212,rssi=-59,lqi=255,mpdu_len=99,crcpass=1,hdrlen=11,ielen=0,msdulen=88,type=1,seq=233,id=97,dest_pan=0,dest_addr=ffff,src_pan=0,src_addr=97,pl=
010.log,2026-04-23 15:27:04,139.5915334,35.4185685,-6.825,0.044,NaN,railtime=0835522509,mod=rail,event=rx,nodeid=67,rfpath=1,ch=5212,rssi=-59,lqi=255,mpdu_len=99,crcpass=1,hdrlen=11,ielen=0,msdulen=88,type=1,seq=234,id=97,dest_pan=0,dest_addr=ffff,src_pan=0,src_addr=97,pl=
010.log,2026-04-23 15:27:06,139.5915314,35.4185703,-5.718,0.034,NaN,railtime=0837533527,mod=rail,event=rx,nodeid=67,rfpath=1,ch=5212,rssi=-59,lqi=255,mpdu_len=99,crcpass=1,hdrlen=11,ielen=0,msdulen=88,type=1,seq=235,id=97,dest_pan=0,dest_addr=ffff,src_pan=0,src_addr=97,pl=
010.log,2026-04-23 15:27:08,139.5915306,35.4185721,-4.86,0.065,NaN,railtime=0839539456,mod=rail,event=rx,nodeid=67,rfpath=1,ch=5212,rssi=-59,lqi=255,mpdu_len=99,crcpass=1,hdrlen=11,ielen=0,msdulen=88,type=1,seq=236,id=97,dest_pan=0,dest_addr=ffff,src_pan=0,src_addr=97,pl=
010.log,2026-04-23 15:27:10,139.5915304,35.4185732,-3.448,0.058,NaN,railtime=0841545363,mod=rail,event=rx,nodeid=67,rfpath=1,ch=5212,rssi=-59,lqi=255,mpdu_len=99,crcpass=1,hdrlen=11,ielen=0,msdulen=88,type=1,seq=237,id=97,dest_pan=0,dest_addr=ffff,src_pan=0,src_addr=97,pl=
010.log,2026-04-23 15:27:12,139.5915295,35.4185727,-1.626,0.012,NaN,railtime=0843542219,mod=rail,event=rx,nodeid=67,rfpath=1,ch=5212,rssi=-59,lqi=255,mpdu_len=99,crcpass=1,hdrlen=11,ielen=0,msdulen=88,type=1,seq=238,id=97,dest_pan=0,dest_addr=ffff,src_pan=0,src_addr=97,pl=
010.log,2026-04-23 15:27:38,139.5915118,35.4185597,10.972,0.218,-59,railtime=0869581649,mod=rail,event=rx,nodeid=67,rfpath=1,ch=5212,rssi=-59,lqi=255,mpdu_len=99,crcpass=1,hdrlen=11,ielen=0,msdulen=88,type=1,seq=251,id=97,dest_pan=0,dest_addr=ffff,src_pan=0,src_addr=97,pl=
010.log,2026-04-23 15:27:40,139.5915125,35.4185577,11.364,0.101,-58,railtime=0871569466,mod=rail,event=rx,nodeid=67,rfpath=1,ch=5212,rssi=-58,lqi=255,mpdu_len=99,crcpass=1,hdrlen=11,ielen=0,msdulen=88,type=1,seq=252,id=97,dest_pan=0,dest_addr=ffff,src_pan=0,src_addr=97,pl=
010.log,2026-04-23 15:27:42,139.5915123,35.4185578,10.782,0.021,-58,railtime=0873576752,mod=rail,event=rx,nodeid=67,rfpath=1,ch=5212,rssi=-58,lqi=255,mpdu_len=99,crcpass=1,hdrlen=11,ielen=0,msdulen=88,type=1,seq=253,id=97,dest_pan=0,dest_addr=ffff,src_pan=0,src_addr=97,pl=
010.log,2026-04-23 15:27:44,139.5915136,35.4185568,10.862,0.127,-57,railtime=0875582410,mod=rail,event=rx,nodeid=67,rfpath=1,ch=5212,rssi=-57,lqi=255,mpdu_len=100,crcpass=1,hdrlen=11,ielen=0,msdulen=89,type=1,seq=254,id=97,dest_pan=0,dest_addr=ffff,src_pan=0,src_addr=97,pl=
010.log,2026-04-23 15:27:46,139.5915126,35.418556,10.824,0.031,-59,railtime=0877578388,mod=rail,event=rx,nodeid=67,rfpath=1,ch=5212,rssi=-59,lqi=255,mpdu_len=99,crcpass=1,hdrlen=11,ielen=0,msdulen=88,type=1,seq=255,id=97,dest_pan=0,dest_addr=ffff,src_pan=0,src_addr=97,pl=
010.log,2026-04-23 15:27:48,139.5915164,35.418555,10.523,0.124,-57,railtime=0879584328,mod=rail,event=rx,nodeid=67,rfpath=1,ch=5212,rssi=-57,lqi=255,mpdu_len=99,crcpass=1,hdrlen=11,ielen=0,msdulen=88,type=1,seq=0,id=97,dest_pan=0,dest_addr=ffff,src_pan=0,src_addr=97,pl=
